{
    "sum": 19390,
    "min": 107,
    "max": 493,
    "mean": 293.7878787878788,
    "std_dev": 125.21753565468072,
    "count": 66
}