{
    "sum": 410800,
    "min": 16,
    "max": 256,
    "mean": 135.5775577557756,
    "stdev": 73.93211861164181
}