{
    "sum": 410800,
    "min": 16,
    "max": 256,
    "mean": 135.5775577557756,
    "std_dev": 73.93211861164181,
    "count": 3030
}