{
    "sum": 72163383636,
    "min": 1286552,
    "max": 992525010,
    "mean": 471656102.1960784,
    "std_dev": 287893531.5728927,
    "count": 153
}