{
    "sum": 4605645,
    "avr": 288.17701163809284,
    "sumMD": 38492,
    "avrMD": 315.5081967213115,
    "sumSD": 37054,
    "avrSD": 303.72131147540983,
    "max": 535,
    "min": 44
}